GER;Ruling Cabinet - Start;Name;Start Year;End Year;Retirement Year;Ideology;Personality;Loyalty;Picturename;X
2;Head of Government;Rudolf Hess;1936;1964;1999;NS;Silent Workhorse;High;M40;x
3;Foreign Minister;Constantin von Neurath;1936;1964;1999;PA;Great Compromiser;High;M3;x
4;Minister of Armament;Werner von Blomberg;1936;1964;1999;NS;Infantry Proponent;High;M4;x
5;Minister of Security;Wilhelm Frick;1936;1964;1999;NS;Prince of Terror;High;M5;x
6;Head of Military Intelligence;Wilhelm Canaris;1936;1964;1999;FA;Dismal Enigma;Medium;M6;x
7;Chief of Staff;Ludwig Beck;1936;1964;1999;PA;School of Manoeuvre;High;M7;x
8;Chief of Army;Werner von Fritsch;1936;1964;1999;PA;Armoured Spearhead Doctrine;High;M8;x
9;Chief of Navy;Erich Raeder;1936;1964;1999;NS;Decisive Naval Battle Doctrine;High;M9;x
10;Chief of Air Force;Hermann Köhl;1936;1964;1999;PA;Army Aviation Doctrine;Very High;Kaiserreich hermann koehl;x
32;Head of State;Karl Dönitz;1945;1964;1999;NS;Resigned Generalissimo;High;M32;x
33;Head of State;Oskar von Hindenburg;1960;1964;1999;FA;Insignificant Layman;High;M33;x
34;Head of State;Ludwig Beck;1944;1964;1999;FA;Resigned Generalissimo;High;M7;x
35;Head of State;Hjalmar Schacht;1945;1964;1999;FA;Pig-headed Isolationist;High;M14;x
36;Head of State;S.K.M. Wilhelm II von Preussen;1930;1964;1999;PA;weltkrieg emperor;High;kaiserreich wilhelmiih;x
37;Head of State;S.K.M. Wilhelm III von Preussen;1941;1964;1999;PA;moderate kaiser;High;M37;x
38;Head of State;Theodor Heuss;1946;1964;1999;SC;Die-hard Reformer;High;M38;x
39;Head of State;Ludwig Renn;1936;1964;1999;ST;Insignificant Layman;High;M21;x
42;Head of Government;Martin Bormann;1941;1964;1999;NS;Silent Workhorse;High;M42;x
43;Head of Government;Albert Speer;1945;1964;1999;NS;Corporate Suit;High;M43;x
44;Head of Government;Otto Meissner;1936;1964;1999;PA;Naive Optimist;High;M44;x
45;Head of Government;Kurt von Schleicher;1936;1964;1999;PA;Old General;High;kaiserreich schleichervonkurt;x
46;Head of Government;Albert Dufour-Feronce;1938;1964;1999;PA;Flamboyant Tough Guy;High;M46;x
47;Head of Government;Franz von Papen;1936;1964;1999;PA;Happy Amateur;High;M47;x
48;Head of Government;Carl Friedrich Goerdeler;1942;1964;1999;PA;Happy Amateur;High;M12;x
49;Head of Government;Johann Schwerin von Krosigk;1944;1964;1999;PA;Silent Workhorse;High;M49;x
50;Head of Government;Konrad Adenauer;1946;1964;1999;SC;Silent Workhorse;High;M50;x
51;Head of Government;Ernst Thalmann;1936;1964;1999;ST;Backroom Backstabber;High;M22;x
52;Head of Government;Ernst Toller;1939;1964;1999;ST;Ambitious Union Boss;High;M25;x
53;Head of Government;Walter Ulbricht;1946;1964;1999;ST;Backroom Backstabber;High;M53;x
55;Foreign Minister;Joachim von Ribbentrop;1960;1964;1999;NS;iron fisted brute;High;M55;x
56;Foreign Minister;Joseph Goebbels;1942;1964;1999;NS;The Cloak N Dagger Schemer;Very High;M56;x
57;Foreign Minister;Alfred Rosenberg;1943;1964;1999;NS;Ideological Crusader;Very High;M57;x
58;Foreign Minister;Wilhelm Solf;1936;1964;1999;SC;Great Compromiser;Very High;Kaiserreich Solf;x
59;Foreign Minister;Johann Schwerin von Krosigk;1945;1964;1999;NS;Apologetic Clerk;Very High;M49;x
60;Foreign Minister;Ludwig Kastl;1936;1964;1999;PA;Biased Intellectual;High;M60;x
62;Foreign Minister;Oskar Meissner;1942;1964;1999;PA;The Cloak N Dagger Schemer;Low;M44;x
63;Foreign Minister;Johann Schwerin von Krosigk;1936;1964;1999;PA;Apologetic Clerk;High;M49;x
64;Foreign Minister;Thomas Mann;1936;1964;1999;PA;General Staffer;Medium;M64;x
65;Foreign Minister;Albert Dufour-Feronce;1938;1964;1999;PA;Great Compromiser;Medium;M46;x
66;Foreign Minister;Wilhelm Waetzoldt;1938;1964;1999;PA;Apologetic Clerk;Medium;M66;x
67;Foreign Minister;Franz von Papen;1940;1964;1999;PA;Great Compromiser;Very High;M67;x
68;Foreign Minister;Friedrich-Werner von der Schulenberg;1936;1964;1999;PA;Ideological Crusader;Medium;M68;x
70;Foreign Minister;Carl Melchior;1945;1964;1999;PA;Ideological Crusader;Medium;M70;x
71;Foreign Minister;Theodor Heuss;1946;1964;1999;SC;Apologetic Clerk;Very High;M38;x
72;Foreign Minister;Konrad Adenauer;1947;1964;1999;SC;Great Compromiser;Very High;M50;x
73;Foreign Minister;Walter Ulbricht;1936;1964;1999;ST;The Cloak N Dagger Schemer;High;M53;x
74;Foreign Minister;Helmut Herzfelde;1940;1964;1999;ST;Ideological Crusader;High;M23;x
76;Minister of Armament;Rudolf Hess;1960;1964;1999;NS;Strategic Air Proponent;High;M40;x
77;Minister of Armament;Hjalmar Schacht;1936;1964;1999;PA;Bank President;Medium;M14;x
78;Minister of Armament;Friedrich Flick;1938;1964;1999;NS;laissez-faire capitalist;Medium;M78;x
79;Minister of Armament;Hermann Göring;1960;1964;1999;NS;Air To Ground Proponent;Very High;M10;x
80;Minister of Armament;Walter Funk;1939;1964;1999;NS;Resource Industrialist;Very High;M80;x
81;Minister of Armament;Walter Darré;1939;1964;1999;NS;Military Entrepreneur;Very High;M81;x
82;Minister of Armament;Kurt Daluege;1940;1964;1999;NS;Infantry Proponent;Very High;M82;x
83;Minister of Armament;Max Amann;1941;1964;1999;NS;Battle Fleet Proponent;Very High;M83;x
84;Minister of Armament;Franz Xavier-Schwarz;1936;1964;1999;NS;Resource Industrialist;Very High;M84;x
85;Minister of Armament;Johann Schwerin von Krosigk;1936;1964;1999;NS;Resource Industrialist;Very High;M49;x
87;Minister of Armament;Oswald Pohl;1943;1964;1999;NS;Military Entrepreneur;High;M87;x
88;Minister of Armament;Robert Ley;1936;1964;1999;NS;Corrupt Kleptocrat;High;M88;x
89;Minister of Armament;Karl Otto Saur;1945;1964;1999;NS;Military Entrepreneur;High;M89;x
90;Minister of Armament;Fritz Thyssen;1936;1964;1999;FA;laissez-faire capitalist;Medium;M90;x
91;Minister of Armament;Fritz Todt;1938;1964;1999;FA;Resource Industrialist;High;M91;x
93;Minister of Armament;Hans-Georg von Friedeburg;1942;1964;1999;NS;Submarine Proponent;Very High;M93;x
94;Minister of Armament;Fritz Tornow;1944;1964;1999;FA;Military Entrepreneur;Medium;M94;x
95;Minister of Armament;Julius Curtius;1936;1964;1999;PA;Resource Industrialist;Medium;M95;x
96;Minister of Armament;Paul Lejeune-Jung;1938;1964;1999;PA;Tank Proponent;Medium;M96;x
97;Minister of Armament;Alfried Krupp;1936;1964;1999;FA;laissez-faire capitalist;Medium;M97;x
98;Minister of Armament;Georg Thomas;1940;1964;1999;PA;Theoretical Scientist;Low;M98;x
99;Minister of Armament;Carl Friedrich Goerdeler;1940;1964;1999;PA;Military Entrepreneur;High;M12;x
100;Minister of Armament;Albert Speer;1942;1964;1999;PA;Administrative Genius;Medium;M43;x
101;Minister of Armament;Johannes Popitz;1943;1964;1999;PA;Resource Industrialist;Very High;M101;x
102;Minister of Armament;Claus Schenck von Stauffenberg;1944;1964;1999;PA;Infantry Proponent;High;M102;x
104;Minister of Armament;Ludwig Erhard;1947;1964;1999;SC;Administrative Genius;Very High;M104;x
105;Minister of Armament;Albert Kuntz;1936;1964;1999;ST;Resource Industrialist;High;M105;x
106;Minister of Armament;Willie Munzenberg;1942;1964;1999;ST;Administrative Genius;High;M24;x
108;Minister of Security;Wilhelm Frick;1960;1964;1999;NS;Prince of Terror;Very High;M5;x
109;Minister of Security;Viktor Lutze;1939;1964;1999;NS;Compassionate Gentleman;Very High;M109;x
110;Minister of Security;Joseph Goebbels;1960;1964;1999;NS;Man of the People;Very High;M56;x
111;Minister of Security;Heinrich Müller;1943;1964;1999;NS;Prince of Terror;Very Low;M26;x
112;Minister of Security;Stephanie von Hohenlohe;1938;1964;1999;FA;Crooked Kleptocrat;Medium;Kaiserreich von Hohenlohe;x
113;Minister of Security;Karl Hanke;1944;1964;1999;NS;Back Stabber;Very Low;M113;x
114;Minister of Security;Otto Georg Thierack;1942;1964;1999;NS;Crime Fighter;Very High;M114;x
115;Minister of Security;Franz von Papen;1946;1964;1999;NS;Compassionate Gentleman;Very High;M47;x
116;Minister of Security;Ernst Trendelenburg;1936;1964;1999;PA;Compassionate Gentleman;Medium;M116;x
117;Minister of Security;Alfred Hugenberg;1936;1964;1999;PA;Compassionate Gentleman;Medium;M117;x
118;Minister of Security;Heinrich Müller;1939;1964;1999;PA;Efficient Sociopath;Very Low;M26;x
119;Minister of Security;Arthur Nebe;1942;1964;1999;FA;Crime Fighter;Low;M119;x
120;Minister of Security;Arthur Axmann;1945;1964;1999;FA;Man of the People;Low;M120;x
121;Minister of Security;Johann von Bernstorff;1936;1964;1999;PA;Back Stabber;Medium;M121;x
122;Minister of Security;Karl Sack;1936;1964;1999;PA;Silent Lawyer;Medium;M122;x
123;Minister of Security;Wilhelm von Gayl;1938;1964;1999;PA;Prince of Terror;High;M15;x
124;Minister of Security;Walter Schellenberg;1939;1964;1999;PA;Efficient Sociopath;Low;M124;x
125;Minister of Security;Josef Wirmer;1942;1964;1999;PA;Man of the People;Medium;M125;x
126;Minister of Security;Fritz von Schulenburg;1942;1964;1999;PA;Compassionate Gentleman;Very High;M126;x
127;Minister of Security;Henning von Tresckow;1944;1964;1999;PA;Crime Fighter;Low;M127;x
128;Minister of Security;Franz von Papen;1936;1964;1999;PA;Compassionate Gentleman;Very High;M47;x
131;Minister of Security;Ernst Toller;1936;1964;1999;ST;Man of the People;Low;M25;x
132;Minister of Security;Ludwig Renn;1939;1964;1999;ST;Efficient Sociopath;Very High;M21;x
133;Minister of Security;Julius Leber;1942;1964;1999;ST;Compassionate Gentleman;High;M133;x
134;Minister of Security;Walter Ulbricht;1944;1964;1999;ST;Prince of Terror;High;M53;x
136;Head of Military Intelligence;Hans-Georg von Friedeburg;1942;1964;1999;NS;Naval Intelligence Specialist;Medium;M93;x
137;Head of Military Intelligence;Kurt Ludwig;1938;1964;1999;PA;Technical Specialist;High;Kaiserreich KLudwig;x
138;Head of Military Intelligence;Karl Boy-Ed;1936;1964;1999;PA;Technical Specialist;High;Kaiserreich Boy-Ed;x
139;Head of Military Intelligence;Martin Bormann;1960;1964;1999;NS;Political Specialist;High;M42;x
140;Head of Military Intelligence;Hjalmar Schacht;1940;1964;1999;PA;Industrial Specialist;Medium;M14;x
141;Head of Military Intelligence;Oskar von Hindenburg;1936;1964;1999;PA;Political Specialist;Medium;M33;x
142;Head of Military Intelligence;Franz von Rintelen;1936;1964;1999;PA;Political Specialist;High;Kaiserreich von Rintelen;x
143;Head of Military Intelligence;Stephanie von Hohenlohe;1938;1964;1999;FA;Dismal Enigma;Medium;Kaiserreich von Hohenlohe;x
144;Head of Military Intelligence;Carl von Schubert;1936;1964;1999;PA;Logistics Specialist;High;M144;x
146;Head of Military Intelligence;Hans Oster;1939;1964;1999;PA;Industrial Specialist;High;M146;x
147;Head of Military Intelligence;Georg Hansen;1940;1964;1999;PA;Technical Specialist;Medium;M147;x
148;Head of Military Intelligence;Heinrich Albert;1936;1964;1999;PA;Political Specialist;High;Kaiserreich Heinrich Albert;x
150;Head of Military Intelligence;Reinhard Gehlen;1941;1964;1999;SC;Dismal Enigma;High;M150;x
151;Head of Military Intelligence;Ernst Thalmann;1936;1964;1999;ST;Industrial Specialist;High;M22;x
152;Head of Military Intelligence;Erich Weinert;1938;1964;1999;ST;Logistics Specialist;High;M152;x
153;Head of Military Intelligence;Heinrich Müller;1943;1964;1999;ST;Political Specialist;Very High;M26;x
155;Chief of Staff;Franz Halder;1938;1964;1999;FA;School of Fire Support;Medium;M155;x
156;Chief of Staff;Alfred Jodl;1939;1964;1999;NS;School of Psychology;High;M156;x
157;Chief of Staff;Heinz Guderian;1944;1964;1999;PA;School of Mass Combat;Medium;M157;x
158;Chief of Staff;Hans Krebs;1945;1964;1999;NS;School of Defence;Medium;M158;x
159;Chief of Staff;Fritz Bayerlein;1936;1964;1999;PA;School of Psychology;High;M159;x
160;Chief of Staff;Erich Hoepner;1937;1964;1999;FA;School of Fire Support;Medium;M18;x
162;Chief of Staff;Erwin von Witzleben;1936;1964;1999;PA;School of Fire Support;High;M17;x
163;Chief of Staff;Kurt Zeitzler;1942;1964;1999;FA;School of Defence;Medium;M163;x
165;Chief of Staff;Erwin Rommel;1943;1964;1999;PA;School of Manoeuvre;High;M165;x
168;Chief of Staff;Adolf Heusinger;1942;1964;1999;PA;School of Mass Combat;Low;M168;x
169;Chief of Staff;Walther von Seydlitz-Kurzbach;1936;1964;1999;PA;School of Manoeuvre;High;L251;x
170;Chief of Staff;Hans Speidel;1946;1964;1999;SC;School of Mass Combat;High;M170;x
171;Chief of Staff;Ernst Wollweber;1936;1964;1999;ST;School of Mass Combat;Very High;M27;x
172;Chief of Staff;Erich Weinert;1944;1964;1999;ST;School of Psychology;High;M152;x
174;Chief of Army;Walther von Brauchitsch;1938;1964;1999;FA;Armoured Spearhead Doctrine;High;M174;x
175;Chief of Army;Kurt von Hammerstein-Equord;1939;1964;1999;FA;Guns and Butter Doctrine;High;M175;x
176;Chief of Army;Wilhelm Keitel;1940;1964;1999;NS;Armoured Spearhead Doctrine;Very High;M176;x
179;Chief of Army;Erich von Ludendorff;1936;1964;1999;NS;Elastic Defence Doctrine;High;M179;x
180;Chief of Army;Werner von Blomberg;1937;1964;1999;NS;Guns and Butter Doctrine;High;M4;x
182;Chief of Army;Fedor von Bock;1939;1964;1999;FA;Decisive Battle Doctrine;High;M182;x
183;Chief of Army;Erich Hoepner;1942;1964;1999;FA;Armoured Spearhead Doctrine;High;M18;x
184;Chief of Army;Erwin von Witzleben;1938;1964;1999;PA;Static Defence Doctrine;High;M17;x
185;Chief of Army;Walter von Lüttwitz;1936;1964;1999;PA;Decisive Battle Doctrine;Low;M185;x
187;Chief of Army;Hans-Jürgen von Arnim;1936;1964;1999;FA;Static Defence Doctrine;High;L272;x
188;Chief of Army;Theodor Blank;1946;1964;1999;SC;Armoured Spearhead Doctrine;High;M188;x
189;Chief of Army;Hans Speidel;1947;1964;1999;SC;Decisive Battle Doctrine;High;M170;x
190;Chief of Army;Hans Kahle;1936;1964;1999;ST;Decisive Battle Doctrine;Very High;M28;x
192;Chief of Navy;Karl Dönitz;1942;1964;1999;NS;Indirect Approach Doctrine;Very High;M32;x
193;Chief of Navy;Hans-Georg von Friedeburg;1936;1964;1999;FA;Open Seas Doctrine;Medium;M93;x
194;Chief of Navy;Kurt Freiwald;1945;1964;1999;NS;Base Control Doctrine;Medium;M194;x
195;Chief of Navy;Alfred Saalwächter;1936;1964;1999;FA;Open Seas Doctrine;High;M195;x
198;Chief of Navy;Conrad Albrecht;1939;1964;1999;PA;Open Seas Doctrine;Medium;M198;x
199;Chief of Navy;Gustav Kieseritzky;1940;1964;1999;PA;Base Control Doctrine;Medium;M199;x
200;Chief of Navy;Erich Bey;1946;1964;1999;SC;Open Seas Doctrine;High;M200;x
201;Chief of Navy;Fritz Scheelen;1936;1964;1999;ST;Base Control Doctrine;Very High;M29;x
203;Chief of Air Force;Hugo Sperrle;1939;1964;1999;NS;Carpet Bombing Doctrine;High;M203;x
204;Chief of Air Force;Robert Ritter von Greim;1936;1964;1999;NS;Air Superiority Doctrine;Medium;M204;x
205;Chief of Air Force;Karl Koller;1936;1964;1999;FA;Army Aviation Doctrine;Medium;M205;x
206;Chief of Air Force;Erhard Milch;1942;1964;1999;FA;Air Superiority Doctrine;Medium;M206;x
207;Chief of Air Force;Albert Kesselring;1937;1964;1999;FA;vertical envelopment doctrine;High;M207;x
208;Chief of Air Force;Carl Friedrich von Siemens;1936;1964;1999;PA;Air Superiority Doctrine;High;M208;x
209;Chief of Air Force;Ernst Udet;1940;1964;1999;PA;Army Aviation Doctrine;High;M20;x
210;Chief of Air Force;Wilhelm Oxenius;1945;1964;1999;PA;Naval Aviation Doctrine;Medium;M210;x
23;Foreign Minister;Helmet Herzfelde;1936;1964;1999;ST;Ideological Crusader;High;M23;x
214;Head of Government;Franz Xaver Ritter von Epp;1936;1964;1999;NS;Old General;Very High;M214;x
216;Head of Government;Gregor Strasser;1936;1964;1999;NS;Flamboyant Tough Guy;Very High;kaiserreich gregorstrasser;x
217;Head of Government;Friedrich Wilhelm Kritzinger;1945;1964;1999;NS;Naive Optimist;Very High;M217;x
219;Minister of Armament;Franz Xaver Ritter von Epp;1936;1964;1999;NS;Infantry Proponent;Very High;M214;x
220;Minister of Armament;Franz Seldte;1936;1964;1999;NS;Military Entrepreneur;Very High;M220;x
221;Minister of Armament;Konstantin Hierl;1936;1964;1999;NS;Resource Industrialist;Very High;M221;x
222;Minister of Armament;Xaver Dorsch;1944;1964;1999;FA;Air Superiority Proponent;Very High;M222;x
223;Minister of Security;Franz Gürtner;1936;1964;1999;FA;Silent Lawyer;Medium;M223;x
224;Minister of Security;Kurt Daluege;1936;1964;1999;NS;Prince of Terror;Very High;M82;x
226;Minister of Security;Walter Buch;1937;1964;1999;NS;Man of the People;High;M226;x
227;Minister of Security;Hans Frank;1941;1964;1999;FA;Compassionate Gentleman;Medium;M227;x
229;Chief of Staff;Erich von Manstein;1942;1964;1999;PA;School of Manoeuvre;Medium;L324;x
230;Chief of Staff;Ernst Busch;1945;1964;1999;NS;School of Fire Support;High;L33;x
231;Chief of Army;Günther von Kluge;1942;1964;1999;PA;Decisive Battle Doctrine;Medium;L311;x
232;Chief of Army;Wilhelm Ritter von Thoma;1936;1964;1999;PA;Armoured Spearhead Doctrine;Very High;L345;x
233;Chief of Navy;Wilhelm Marschall;1941;1964;1999;NS;Open Seas Doctrine;High;L407;x
234;Chief of Navy;Walter Warzecha;1942;1964;1999;PA;Indirect Approach Doctrine;Medium;L891;x
235;Chief of Air Force;Otto Dessloch;1939;1964;1999;NS;Army Aviation Doctrine;High;L434;x
236;Chief of Air Force;Ulrich Grauert;1936;1964;1999;FA;Air Superiority Doctrine;High;L439;x
237;Chief of Air Force;Hans-Jürgen Stumpff;1944;1964;1999;NS;Army Aviation Doctrine;Very High;L471;x
238;Chief of Staff;Walther von Reichenau;1941;1964;1999;NS;School of Fire Support;Very High;L334;x
239;Head of Military Intelligence;Ernst Wollweber;1936;1964;1999;ST;Industrial Specialist;Very High;M27;x
240;Minister of Armament;Karl Dönitz;1944;1964;1999;NS;Submarine Proponent;Very High;M32;x
241;Minister of Armament;Lutz von Schwerin-Krosigk;1945;1964;1999;NS;Resource Industrialist;High;M241;x
242;Minister of Security;Paul Giesler;1945;1964;1999;NS;Efficient Sociopath;Very High;M242;x
243;Minister of Security;Werner Naumann;1945;1964;1999;NS;Compassionate Gentleman;Very High;M243;x
244;Minister of Security;Reinhard Heydrich;1960;1964;1999;NS;Prince of Terror;Very High;M244;x
245;Minister of Armament;Alfred Hugenberg;1936;1964;1999;PA;Resource Industrialist;High;M117;x
246;Minister of Security;Helmuth von Moltke;1939;1964;1999;SC;Compassionate Gentleman;High;M246;x
247;Head of Military Intelligence;Hans Gisevius;1939;1964;1999;SC;Dismal Enigma;Medium;M247;x
248;Minister of Security;Hans Dohnanyi;1936;1964;1999;SC;Silent Lawyer;Medium;M248;x
249;Head of Military Intelligence;Hans Dohnanyi;1936;1964;1999;SC;Political Specialist;Medium;M248;x
250;Minister of Security;Rudolf Diels;1936;1964;1999;PA;Crime Fighter;Medium;M250;x
251;Minister of Armament;Gustav Krupp;1936;1964;1999;FA;Tank Proponent;High;M251;x
252;Minister of Armament;Fritz Saukel;1942;1964;1999;NS;Infantry Proponent;High;M252;x
253;Chief of Navy;Ludwig von Reuter;1936;1964;1999;PA;Power Projection Doctrine;High;kaiserreich reutervonludwig;x
254;Chief of Staff;August Von Mackensen;1936;1964;1999;FA;School of Fire Support;High;kaiserreich mackensenvonaugust;x
255;Chief of Army;August Von Mackensen;1936;1964;1999;FA;Decisive Battle Doctrine;High;kaiserreich mackensenvonaugust;x
256;Head of Government;August Von Mackensen;1936;1964;1999;FA;Respected War Hero;High;kaiserreich mackensenvonaugust;x
257;Chief of Staff;Hans von Seeckt;1936;1964;1999;FA;School of Psychology;High;kaiserreich hansvonseeckt2;x
258;Chief of Army;Hans von Seeckt;1936;1964;1999;FA;Static Defence Doctrine;High;kaiserreich hansvonseeckt2;x
259;Head of State;Paul von Lettow-Vorbeck;1938;1964;1999;SC;Benevolent Gentleman;High;kaiserreich lettowvorbeckvonpaul;x
260;Head of Government;Paul von Lettow-Vorbeck;1938;1964;1999;SC;Respected War Hero;High;kaiserreich lettowvorbeckvonpaul;x
261;Chief of Staff;Paul von Lettow-Vorbeck;1940;1964;1999;SC;School of Psychology;High;kaiserreich lettowvorbeckvonpaul;x
262;Chief of Army;Paul von Lettow-Vorbeck;1940;1964;1999;SC;Guns and Butter Doctrine;High;kaiserreich lettowvorbeckvonpaul;x
263;Head of Government;Kurt von Schleicher;1936;1964;1999;PA;Silent Workhorse;High;kaiserreich schleichervonkurt;x
264;Minister of Security;Kurt von Schleicher;1936;1964;1999;PA;Silent Lawyer;High;kaiserreich schleichervonkurt;x
265;Chief of Navy;Wilhelm Souchon;1936;1964;1999;PA;Open Seas Doctrine;Very High;kaiserreich souchonwilhelm;x
266;Minister of Armament;Wilhelm Groener;1936;1964;1999;PA;Military Entrepreneur;High;kaiserreich groenerwilhelm;x
267;Chief of Staff;Wilhelm Groener;1936;1964;1999;PA;School of Psychology;High;M166;x
268;Minister of Armament;Albert Einstein;1939;1964;1999;ML;Theoretical Scientist;High;kaiserreich alberteinstein;x
269;Head of Government;Walther von Rathenau;1936;1964;1999;PA;Corporate Suit;High;kaiserreich walthervonrathennau;x
270;Minister of Armament;Walther von Rathenau;1936;1964;1999;PA;Administrative Genius;High;kaiserreich walthervonrathennau;x
271;Head of Government;Erich von Ludendorff;1936;1964;1999;NS;Flamboyant Tough Guy;High;kaiserreich erichvonludendorff;x
272;Minister of Armament;Hans von Blumenthal;1936;1964;1999;PA;Battle Fleet Proponent;High;kaiserreich HansvonBlumenthal;x
273;Chief of Air Force;Manfred Freiherr von Richthofen;1936;1964;1999;PA;The Red Baron;High;kaiserreich manfredvonrichtofen;x
274;Head of Government;Manfred Freiherr von Richthofen;1936;1964;1999;PA;old airmarshal;High;kaiserreich manfredvonrichtofen;x
275;Chief of Army;Georg von Bruchmüller;1936;1964;1999;PA;Elastic Defence Doctrine;High;Kaiserreich Bruchmüller;x
276;Chief of Navy;Felix Graf von Luckner;1936;1964;1999;PA;Indirect Approach Doctrine;Very High;Kaiserreich Luckner;x
278;Head of Government;Heinrich Brüning;1936;1964;1999;PA;Silent Workhorse;Medium;kaiserreich heinrichbruning;x
280;Head of State;S.K.M. Wilhelm IV von Preussen;1936;1964;1999;PA;Benevolent Gentleman;High;kaiserreichwilhelmIV;x
281;Head of State;Otto Wels;1936;1964;1999;SD;Pig-headed Isolationist;High;kaiserreich ottowells;x
282;Head of Government;Otto Wels;1936;1964;1999;SD;Corporate Suit;High;kaiserreich ottowells;x
283;Minister of Armament;Otto Wels;1936;1964;1999;SD;Resource Industrialist;High;kaiserreich ottowells;x
284;Head of Government;Arthur Crispien;1936;1964;1999;SD;Political Protege;High;kaiserreich arthurchrispian;x
285;Minister of Security;Arthur Crispien;1936;1964;1999;SD;Silent Lawyer;High;kaiserreich arthurchrispian;x
286;Head of State;Hans Vogel;1936;1964;1999;SD;Benevolent Gentleman;High;kaiserreich hansvogel;x
287;Head of Government;Hans Vogel;1936;1964;1999;SD;Ambitious Union Boss;High;kaiserreich hansvogel;x
288;Foreign Minister;Hans Vogel;1936;1964;1999;SD;Great Compromiser;High;kaiserreich hansvogel;x
289;Minister of Armament;Gustav Bauer;1936;1964;1999;SD;Corrupt Kleptocrat;High;kaiserreich gustavbauer;x
290;Minister of Security;Gustav Bauer;1936;1964;1999;SD;Man of the People;High;kaiserreich gustavbauer;x
291;Head of Government;Kurt Schumacher;1936;1964;1999;SD;Ambitious Union Boss;High;M506011;x
292;Minister of Armament;Kurt Schumacher;1936;1964;1999;SD;laissez-faire capitalist;High;M506011;x
293;Minister of Security;Gustav Noske;1936;1964;1999;SD;Crime Fighter;High;kaiserreich gustavnoske;x
294;Head of Military Intelligence;Gustav Noske;1936;1964;1999;SD;Logistics Specialist;High;kaiserreich gustavnoske;x
295;Foreign Minister;Erich Ollenhauer;1936;1964;1999;SD;iron fisted brute;Very High;M506014;x
296;Minister of Security;Georg August Zinn;1936;1964;1999;SD;Prince of Terror;High;M506023;x
297;Head of Military Intelligence;Eugen Gerstenmaier;1936;1964;1999;SD;Technical Specialist;High;M506028;x
298;Chief of Staff;Hans Speidel;1936;1964;1999;SD;School of Fire Support;Medium;L506191;x
299;Chief of Army;Oskar Hansen;1936;1964;1999;SD;Decisive Battle Doctrine;Medium;L118;x
300;Chief of Navy;Conrad Patzig;1936;1964;1999;SD;Decisive Naval Battle Doctrine;Medium;L506300;x
301;Chief of Air Force;Josef Kammhuber;1936;1964;1999;SD;Army Aviation Doctrine;Medium;L448;x
302;Head of State;Walther von Rathenau;1936;1964;1999;ML;Benevolent Gentleman;Very High;kaiserreich walthervonrathennau;x
303;Head of Government;Wilhelm Külz;1936;1964;1999;ML;Ambitious Union Boss;Very High;kaiserreich wilhelmkuelz;x
304;Foreign Minister;Wilhelm Roepke;1936;1964;1999;ML;Biased Intellectual;Very High;kaiserreich wilhelmroepke;x
305;Minister of Armament;Dr. Otto Gessler;1936;1964;1999;ML;Corrupt Kleptocrat;Very High;kaiserreich ottogessler;x
306;Head of Military Intelligence;Hanns Seidel;1936;1964;1999;ML;Naval Intelligence Specialist;High;M506029;x
307;Minister of Security;Reinhold Maier;1936;1964;1999;ML;Compassionate Gentleman;High;M506024;x
308;Chief of Staff;Josef Kammhuber;1936;1964;1999;ML;School of Psychology;Medium;L448;x
309;Chief of Army;Karl Heinrich Lübke;1936;1964;1999;ML;Guns and Butter Doctrine;Medium;M506033;x
310;Chief of Navy;Erich Köhler;1936;1964;1999;ML;Base Control Doctrine;Medium;M506035;x
311;Chief of Air Force;Franz Josef Strauss;1936;1964;1999;SC;Vertical Envelopment Doctrine;Medium;M506027;x
312;Head of State;Theodor Heuss;1936;1964;1999;ML;Die-hard Reformer;High;M38;x
313;Head of Government;Franz Blücher;1936;1964;1999;ML;Political Protege;High;M506012;x
314;Head of Government;Walther von Rathenau;1936;1964;1999;ML;Corporate Suit;High;kaiserreich walthervonrathennau;x
315;Foreign Minister;Theodor Heuss;1936;1964;1999;ML;Apologetic Clerk;Very High;M38;x
316;Foreign Minister;Heinrich von Brentano;1936;1964;1999;ML;Ideological Crusader;Very High;M506013;x
317;Foreign Minister;Thomas Dehler;1936;1964;1999;ML;Apologetic Clerk;Very High;M506015;x
318;Minister of Security;Gustav Heinemann;1936;1964;1999;ML;Man of the People;High;M130;x
320;Minister of Armament;Franz Etzel;1936;1964;1999;ML;Infantry Proponent;Medium;M506004;x
321;Minister of Armament;Heinz Starke;1936;1964;1999;ML;Theoretical Scientist;Very High;M506019;x
322;Minister of Armament;Walther von Rathenau;1936;1964;1999;ML;Administrative Genius;Very High;kaiserreich walthervonrathennau;x
326;Head of Military Intelligence;Hans Gisevius;1936;1964;1999;ML;Dismal Enigma;Medium;M247;x
327;Head of Military Intelligence;Dr. Otto Gessler;1936;1964;1999;ML;Technical Specialist;Very High;kaiserreich ottogessler;x
328;Chief of Air Force;Herrmann Ehlers;1936;1964;1999;ML;Naval Aviation Doctrine;Medium;M506038;x
329;Head of State;Ludwig Kaas;1936;1964;1999;SC;Autocratic Charmer;High;kaiserreich ludwigkaas;x
330;Head of Government;Heinrich Brüning;1936;1964;1999;SC;Silent Workhorse;Medium;kaiserreich heinrichbruning;x
331;Foreign Minister;Konrad Adenauer;1936;1964;1999;SC;Great Compromiser;Very High;M50;x
332;Minister of Armament;Adam Stegerwald;1936;1964;1999;SC;laissez-faire capitalist;High;kaiserreich adamstegerwald;x
333;Head of Military Intelligence;Franz Josef Strauss;1936;1964;1999;SC;Industrial Specialist;High;M506027;x
334;Minister of Security;Karl Arnold;1936;1964;1999;SC;Crime Fighter;High;M129;x
337;Chief of Navy;Herrmann Mootz;1936;1964;1999;SC;Indirect Approach Doctrine;Medium;L506297;x
339;Head of State;Heinrich Brüning;1936;1964;1999;SC;Weary Stiffneck;Medium;kaiserreich heinrichbruning;x
340;Head of State;Adam Stegerwald;1936;1964;1999;SC;Die-hard Reformer;High;kaiserreich adamstegerwald;x
341;Head of Government;Konrad Adenauer;1936;1964;1999;SC;Silent Workhorse;High;M50;x
342;Head of Government;Konrad Adenauer;1936;1964;1999;SC;Corporate Suit;High;M50;x
343;Head of Government;Ludwig Kaas;1936;1964;1999;SC;Happy Amateur;High;kaiserreich ludwigkaas;x
344;Head of Government;Adam Stegerwald;1936;1964;1999;SC;Ambitious Union Boss;High;kaiserreich adamstegerwald;x
345;Foreign Minister;Ludwig Kaas;1936;1964;1999;SC;Ideological Crusader;Very High;kaiserreich ludwigkaas;x
346;Minister of Armament;Fritz Schäffer;1936;1964;1999;SC;Resource Industrialist;Very High;M103;x
347;Minister of Armament;Ludwig Erhard;1936;1964;1999;SC;Administrative Genius;Very High;M104;x
350;Minister of Armament;Heinrich Brüning;1936;1964;1999;SC;Resource Industrialist;Medium;kaiserreich heinrichbruning;x
351;Minister of Security;Josef Wirmer;1936;1964;1999;PA;Man of the People;High;M125;x
353;Minister of Security;Robert Lehr;1936;1964;1999;SC;Man of the People;Medium;M506005;x
354;Minister of Security;Gustav Heinemann;1936;1964;1999;SC;Silent Lawyer;High;M130;x
355;Head of Military Intelligence;Hans Ehard;1936;1964;1999;SC;Political Specialist;High;M149;x
356;Head of Military Intelligence;Theodor Blank;1936;1964;1999;SC;Political Specialist;Medium;M506006;x
358;Chief of Staff;Oskar Hansen;1936;1964;1999;SC;School of Manoeuvre;Medium;L118;x
359;Chief of Air Force;Alfred Bülowius;1936;1964;1999;SC;Air Superiority Doctrine;Medium;L431;x
360;Chief of Air Force;Herrmann Ehlers;1936;1964;1999;ML;Naval Aviation Doctrine;Medium;M506038;x
362;Chief of Air Force;Herrmann Ehlers;1936;1964;1999;ML;Naval Aviation Doctrine;Medium;M506038;
364;Head of State;S.K.M. Friedrich Wilhelm V von Romanov;1936;1964;1999;SC;russian aristocrat;High;Friedrich Wilhelm V;x
366;Head of State;S.K.M. Ruprecht I von Bayern;1936;1964;1999;SC;Popular Figurehead;High;RuprechtI;x
368;Head of State;S.K.M. Ernest August I von Hannover;1936;1964;1999;SC;Popular Figurehead;High;Ernst_August_III;x
370;Head of State;Gerd von Rundstedt;1936;1964;1999;PA;Resigned Generalissimo;High;Rundstedt;x
372;Head of Government;Fedor von Bock;1936;1964;1999;PA;Old General;High;FedorvonBock;x
373;Head of State;S.K.M. Friedrich Wilhelm V von Romanov;1936;1964;1999;PA;russian aristocrat;High;Friedrich Wilhelm V;x
374;Head of State;S.K.M. Ruprecht I von Bayern;1936;1964;1999;PA;Popular Figurehead;High;RuprechtI;x
375;Head of State;S.K.M. Ernest August I von Hannover;1936;1964;1999;PA;Popular Figurehead;High;Ernst_August_III;x
376;Head of State;S.K.M. Wilhelm II von Preussen;1936;1964;1999;SL;weltkrieg emperor;High;kaiserreich wilhelmiih;x
377;Head of State;S.K.M. Wilhelm III von Preussen;1941;1964;1999;SL;moderate kaiser;High;M37;x
378;Head of State;S.K.M. Wilhelm IV von Preussen;1936;1964;1999;SL;Benevolent Gentleman;High;kaiserreichwilhelmIV;x
379;Head of Government;Alfred von Tirpitz;1920;1934;1935;PA;old admiral;High;1454;x
380;Head of State;S.K.M. Felix I von Habsburg-Lothringen;1936;1964;1999;SC;Benevolent Gentleman;High;kai_felhablot;x
381;Head of State;S.K.M. Felix I von Habsburg-Lothringen;1936;1964;1999;PA;Benevolent Gentleman;High;kai_felhablot;xi
382;Head of Government;Georg von Hertling;1917;1934;1935;SC;Backroom Backstabber;High;3437;X
383;Head of State;S.K.M. Wilhelm II von Preussen;1914;1934;1935;PA;Stern Imperialist;High;3451;X
384;Head of Government;Herbert Frahm;1936;1964;1999;SD;Flamboyant Tough Guy;Very High;kai_herbfrahm;x
