JAP;Ruling Cabinet - Start;Name;Start Year;End Year;Retirement Year;Ideology;Personality;Loyalty;Picturename;X
55600;Head of State;H.I.M. Hirohito;1936;1964;1999;FA;hirohito;High;M5001;x
55601;Head of State;H.I.M. Hirohito;1926;1964;1999;SC;hirohito;High;M5001;x
55602;Head of Government;Inukai Tsuyoshi;1936;1964;1999;SC;Naive Optimist;High;Inukai;x #Starting - Seiyukai, 1936 - Cabinet
55603;Foreign Minister;Yoshizawa Kenkichi;1936;1964;1999;SC;Great Compromiser;High;M5047;x
55604;Minister of Armament;Mitsuchi Chuzo;1936;1964;1999;SC;Resource Industrialist;High;MJAPMitsuchi;x
55605;Minister of Security;Suzuki Kisaburo;1936;1964;1999;SC;Prince of Terror;High;MJAPSuzuki2;x
55606;Head of Military Intelligence;Okamura Yasuji;1936;1964;1999;FA;Political Specialist;High;M5006;x
55607;Chief of Staff;Kanin Kotohito;1936;1964;1999;PA;School of Defence;High;M5007;x
55608;Chief of Army;Kanin Kotohito;1936;1964;1999;PA;Static Defence Doctrine;High;M5007;x
55609;Chief of Navy;Taniguchi Naomi;1936;1964;1999;SC;Open Seas Doctrine;Medium;MJAPTaniguchi;x
55610;Chief of Air Force;Yamamoto Isoroku;1936;1964;1999;ML;Naval Aviation Doctrine;Very High;M5010;x
;Replacements;;;;;;;;;x #NO Social Liberal Cabinet
55611;Head of Government;Hamaguchi Osachi;1936;1964;1999;ML;Flamboyant Tough Guy;High;Hamaguchi Osachi;x #Market Liberal - Minseito, pro-Minseito or pro-Shidehara persons - Cabinet
55612;Foreign Minister;Shidehara Kijuro;1936;1964;1999;ML;Biased Intellectual;High;MJAPShidehara2;x
55613;Minister of Armament;Inoue Junnosuke;1936;1964;1999;ML;laissez-faire capitalist;High;MJAPInoue;x
55614;Minister of Security;Saito Takao;1936;1964;1999;ML;Crime Fighter;Medium;MJAPSaito;x
55615;Foreign Minister;Hirota Koki;1936;1964;1999;ML;Great Compromiser;High;M5003;x
55616;Foreign Minister;Ishii Itaro;1940;1964;1999;ML;Great Compromiser;High;MJAPIshii;x
55617;Foreign Minister;Ugaki Kazushige;1942;1964;1999;ML;Ideological Crusader;High;MJAPUgaki2;x
55618;Foreign Minister;Tsurumi Yusuke;1944;1964;1999;ML;The Cloak N Dagger Schemer;High;MJAPTsurumi;x
55619;Foreign Minister;Ishibashi Tanzan;1945;1964;1999;ML;Apologetic Clerk;High;M5210;x
55620;Minister of Armament;Sakurauchi Yukio;1936;1964;1999;ML;Resource Industrialist;High;MJAPSakurauchi;x
55621;Minister of Armament;Machida Chuji;1936;1964;1999;ML;laissez-faire capitalist;High;M5004;x
55622;Minister of Armament;Yamamoto Tatsuo;1938;1964;1999;ML;laissez-faire capitalist;High;M5096;x
55623;Minister of Armament;Miki Bukichi;1940;1964;1999;ML;Administrative Genius;High;MJAPMiki;x
55624;Minister of Armament;Kimura Kozaemon;1944;1964;1999;ML;Military Entrepreneur;High;M5098;x
55625;Minister of Armament;Matsumura Kenzo;1945;1964;1999;ML;Resource Industrialist;High;MJAPMatsumura;x
55626;Minister of Armament;Miyoshi Hideyuki;1948;1964;1999;ML;Resource Industrialist;High;MJAPMiyoshi;x
55627;Minister of Security;Hamaguchi Osachi;1936;1964;1999;ML;Compassionate Gentleman;High;Hamaguchi Osachi;x
55628;Minister of Security;Kawasaki Takukichi;1936;1964;1999;ML;Silent Lawyer;High;M5080;x
55629;Minister of Security;Izawa Takio;1936;1964;1999;ML;Compassionate Gentleman;High;MJAPIzawa;x
55630;Minister of Security;Kawasaki Katsu;1938;1964;1999;ML;Man of the People;High;MJAPKawasaki;x
55631;Minister of Security;Yamamoto Tatsuo;1940;1964;1999;ML;Silent Lawyer;High;M5096;x
55632;Minister of Security;Kimura Kozaemon;1944;1964;1999;ML;Man of the People;High;M5098;x
55633;Head of Military Intelligence;Machida Chuji;1936;1964;1999;ML;Technical Specialist;High;M5004;x
55634;Head of Military Intelligence;Noda Bunichiro;1940;1964;1999;ML;Technical Specialist;High;MJAPNoda;x
55635;Head of Military Intelligence;Tsurumi Yusuke;1944;1964;1999;ML;Political Specialist;High;MJAPTsurumi;x
55636;Head of Military Intelligence;Ishibashi Tanzan;1945;1964;1999;ML;Industrial Specialist;High;M5210;x
55637;Head of Government;Aso Hisashi;1936;1964;1999;ST;Backroom Backstabber;High;MJAPAso;x #Totalist - War Socialists, and some JCP members - Cabinet
55638;Foreign Minister;Tokuda Kyuichi;1936;1964;1999;ST;Iron Fisted Brute;High;M5014;x
55639;Minister of Armament;Asanuma Inejiro;1936;1964;1999;ST;laissez-faire capitalist;High;MJAPAsanuma;x
55640;Minister of Security;Fukumoto Kazuo;1936;1964;1999;ST;Prince of Terror;High;MJAPFukumoto;x
55641;Head of Military Intelligence;Ozaki Hotsumi;1936;1964;1999;ST;Logistics Specialist;High;MJAPOzaki;x
55642;Chief of Staff;Kitahara Taisaku;1936;1964;1999;ST;School of Mass Combat;Medium;MJAPKitahara;x
55643;Chief of Army;Kitahara Taisaku;1936;1964;1999;ST;Guns and Butter Doctrine;Medium;MJAPKitahara;x
55644;Chief of Navy;Watanabe Masanosuke;1936;1964;1999;ST;Base Control Doctrine;High;MJAPWatanabe;x
55645;Chief of Air Force;Watanabe Masanosuke;1936;1964;1999;ST;Army Aviation Doctrine;High;MJAPWatanabe;x
55646;Foreign Minister;Akamatsu Katsumaro;1936;1964;1999;ST;The Cloak N Dagger Schemer;High;MJAPAkamatsu;x
55647;Foreign Minister;Fukumoto Kazuo;1936;1964;1999;ST;Ideological Crusader;High;MJAPFukumoto;x
55648;Minister of Armament;Kono Mitsu;1936;1964;1999;ST;Resource Industrialist;High;MJAPKonomi;x
55649;Minister of Armament;Sugiyama Motojiro;1936;1964;1999;ST;Military Entrepreneur;High;MJAPSugiyama;x
55650;Minister of Security;Sano Manabu;1936;1964;1999;ST;Back Stabber;High;MJAPSano;x
55651;Minister of Security;Hayama Yoshiki;1936;1964;1999;ST;Man of the People;High;MJAPHayama;x
55652;Head of Military Intelligence;Hakamada Satomi;1936;1964;1999;ST;Dismal Enigma;High;MJAPHakamada;x
55653;Head of Government;Katayama Sen;1936;1964;1999;LE;Silent Workhorse;High;MJAPKatayama;x #Syndicalist - Trade Unionism background - Cabinet
55654;Foreign Minister;Tanahashi Kotora;1936;1964;1999;LE;Great Compromiser;High;MJAPTanahashi;x
55655;Minister of Armament;Kato Kanju;1936;1964;1999;LE;Resource Industrialist;High;MJAPKato;x #LIFE
55656;Minister of Security;Nishio Suehiro;1936;1964;1999;LE;Crime Fighter;High;M5214;x
55657;Head of Military Intelligence;Oyama Ikuo;1936;1964;1999;LE;Political Specialist;High;MJAPOyama;x
55658;Foreign Minister;Nosaka Sanzo;1936;1964;1999;LE;Ideological Crusader;High;MJAPNosaka2;x
55659;Foreign Minister;Yamamoto Kenzo;1936;1964;1999;LE;The Cloak N Dagger Schemer;High;MJAPYamamoto;x
55660;Minister of Armament;Yamada Moritaro;1936;1964;1999;LE;Theoretical Scientist;High;MJAPYamada;x
55661;Minister of Armament;Yamamoto Kenzo;1936;1964;1999;LE;Resource Industrialist;High;MJAPYamamoto;x
55662;Minister of Security;Kaji Yoshio;1936;1964;1999;LE;Man of the People;High;MJAPKaji;x
55663;Minister of Security;Yamamoto Senji;1936;1964;1999;LE;Crime Fighter;High;MJAPYamasen;x
55664;Head of Military Intelligence;Sadaichi Kenmotsu;1936;1964;1999;LE;Technical Specialist;High;MJAPSadaichi;x
55665;Head of Government;Yamakawa Hitoshi;1936;1964;1999;LWR;Flamboyant Tough Guy;High;MJAPYamakawa;x #Radical Socialist - Rono Faction background - Cabinet
55666;Foreign Minister;Suzuki Mosaburo;1936;1964;1999;LWR;Apologetic Clerk;High;MJAPSuzumo;x
55667;Minister of Armament;Arahata Kanson;1936;1964;1999;LWR;Theoretical Scientist;High;MJAPArahata;x
55668;Minister of Security;Sakai Toshihiko;1936;1964;1999;LWR;Man of the People;High;MJAPSakai;x
55669;Head of Military Intelligence;Arisawa Hiromi;1936;1964;1999;LWR;Industrial Specialist;High;MJAPArisawa;x
55670;Foreign Minister;Sakisaka Itsuro;1936;1964;1999;LWR;Biased Intellectual;High;MJAPSakisaka;x
55671;Foreign Minister;Minobe Ryokichi;1936;1964;1999;LWR;Ideological Crusader;High;MJAPMinobe;x
55672;Minister of Armament;Ouchi Hyoe;1936;1964;1999;LWR;Administrative Genius;High;MJAPOuchi;x
55673;Minister of Armament;Tsushima Tadayuki;1936;1964;1999;LWR;Theoretical Scientist;High;MJAPTsushima;x
55674;Minister of Security;Miyamoto Kenji;1936;1964;1999;LWR;Man of the People;Medium;M5012;x
55675;Minister of Security;Minobe Ryokichi;1936;1964;1999;LWR;Silent Lawyer;High;MJAPMinobe;x
55676;Head of Military Intelligence;Komaki Omi;1936;1964;1999;LWR;Technical Specialist;High;MJAPKomaki;x
55677;Head of Government;Abe Iso;1936;1964;1999;SD;Naive Optimist;High;MJAPAbe;x #Social Democrat - Christian Socialism and Taishuto background - Cabinet
55678;Foreign Minister;Katayama Tetsu;1936;1964;1999;SD;Ideological Crusader;High;MJAPKatayama2;x
55679;Minister of Armament;Mizutani Chozaburo;1936;1964;1999;SD;Resource Industrialist;High;M5070;x
55680;Minister of Security;Matsuoka Komakichi;1936;1964;1999;SD;Compassionate Gentleman;High;MJAPMatsuoka;x
55681;Head of Military Intelligence;Suzuki Bunji;1936;1964;1999;SD;Political Specialist;High;MJAPSuzuki;x
55682;Foreign Minister;Takano Iwasaburo;1936;1964;1999;SD;Biased Intellectual;High;MJAPTakano;x
55683;Foreign Minister;Suzuki Bunji;1936;1964;1999;SD;Great Compromiser;High;MJAPSuzuki;x
55684;Minister of Armament;Matsuoka Komakichi;1936;1964;1999;SD;laissez-faire capitalist;High;MJAPMatsuoka;x
55685;Minister of Armament;Kagawa Toyohiko;1936;1964;1999;SD;Resource Industrialist;High;MJAPKagawa;x
55686;Minister of Security;Matsumoto Jiichiro;1936;1964;1999;SD;Man of the People;High;MJAPMatsumoto;x
55687;Minister of Security;Mizutani Chozaburo;1936;1964;1999;SD;Crime Fighter;High;M5070;x
55688;Head of Military Intelligence;Kagawa Toyohiko;1936;1964;1999;SD;Technical Specialist;High;MJAPKagawa;x
55689;Head of Government;Konoe Fumimaro;1936;1964;1999;NS;Corporate Suit;High;M5034;x #National Populist - Far-rights, and National Socialists - Cabinet
55690;Foreign Minister;Nakano Seigo;1936;1964;1999;NS;Biased Intellectual;Medium;Nakano;x
55691;Minister of Armament;Kishi Nobusuke;1936;1964;1999;NS;Resource Industrialist;Medium;MJAPKishi2;x
55692;Minister of Security;Goto Fumio;1936;1964;1999;NS;Prince of Terror;High;M5005;x
55693;Head of Military Intelligence;Hashimoto Kingoro;1936;1964;1999;NS;Dismal Enigma;High;MJAPHashimoto;x
55694;Chief of Navy;Suetsugu Nobumasa;1936;1964;1999;NS;Indirect Approach Doctrine;Medium;M5106;x
55695;Chief of Air Force;Yamashita Tomoyuki;1936;1964;1999;NS;Carpet Bombing Doctrine;Medium;M5192;x
55696;Foreign Minister;Matsuoka Yosuke;1936;1964;1999;NS;Ideological Crusader;High;M5060;x
55697;Foreign Minister;Shiratori Toshio;1936;1964;1999;NS;Iron Fisted Brute;High;MJAPShiratori;x
55698;Foreign Minister;Okawa Shumei;1936;1964;1999;NS;Biased Intellectual;High;MJAPOkawa;x
55699;Minister of Armament;Ishiwata Sotaro;1936;1964;1999;NS;Resource Industrialist;High;MJAPIshiwata;x
55700;Minister of Armament;Arima Yoriyasu;1936;1964;1999;NS;Infantry Proponent;High;MJAPArima;x
55701;Minister of Armament;Kaya Okinori;1936;1964;1999;NS;Military Entrepreneur;High;MJAPKaya;x
55702;Minister of Armament;Hoshino Naoki;1936;1964;1999;NS;Resource Industrialist;High;MJAPHoshino;x
55703;Minister of Security;Yanagawa Heisuke;1936;1964;1999;NS;Prince of Terror;High;Yanagawa;x
55704;Minister of Security;Hirano Rikizo;1936;1964;1999;NS;Crooked Kleptocrat;High;MJAPHirano;x #LIFE
55705;Minister of Security;Tachibana Kozaburo;1936;1964;1999;NS;Man of the People;High;MJAPTachibana;x
55706;Minister of Security;Yasui Eiji;1941;1964;1999;NS;Back Stabber;High;M5110;x
55707;Head of Military Intelligence;Shiina Etsusaburo;1936;1964;1999;NS;Industrial Specialist;High;MJAPShiina;x
55708;Head of Military Intelligence;Nishida Mitsugi;1936;1964;1999;NS;Political Specialist;High;MJAPNishida;x
55709;Chief of Staff;Masaki Jinzaburo;1936;1964;1999;NS;School of Psychology;Medium;MJAPMasaki;x
55710;Chief of Army;Masaki Jinzaburo;1936;1964;1999;NS;Static Defence Doctrine;Medium;MJAPMasaki;x
55711;Head of Government;Hiranuma Kiichiro;1936;1964;1999;FA;Backroom Backstabber;High;MJAPHiranuma2;x #Paternal Autocrat Cabinet
55712;Foreign Minister;Hiranuma Kiichiro;1936;1964;1999;FA;Iron Fisted Brute;Medium;MJAPHiranuma2;x #Pre-1.02(HoI2) picture
55713;Minister of Armament;Godo Takuo;1936;1964;1999;FA;Battle Fleet Proponent;Medium;M5073;x
55714;Minister of Security;Shiono Suehiko;1936;1964;1999;FA;Prince of Terror;High;MJAPShiono;x
55715;Head of Military Intelligence;Kazami Akira;1936;1964;1999;FA;Dismal Enigma;High;MJAPKazami;x
55716;Chief of Navy;Yamamoto Eisuke;1936;1964;1999;FA;Decisive Naval Battle Doctrine;Medium;MJAPYamasuke;x
55717;Chief of Air Force;Doihara Kenji;1936;1964;1999;FA;Army Aviation Doctrine;Medium;M5193;x
55718;Foreign Minister;Hayashi Senjuro;1936;1964;1999;FA;Biased Intellectual;Medium;MJAPHayashi2;x
55719;Foreign Minister;Murata Shozo;1941;1964;1999;FA;Great Compromiser;Medium;MJAPMurata;x
55720;Foreign Minister;Tojo Hideki;1942;1964;1999;FA;General Staffer;Medium;M5042;x
55721;Minister of Armament;Shoda Kazue;1936;1964;1999;FA;Resource Industrialist;High;M5090;x
55722;Minister of Armament;Yoshino Shinji;1936;1964;1999;FA;Administrative Genius;High;MJAPYoshino;x #vanilla picture shows wrong person!!
55723;Minister of Armament;Murata Shozo;1938;1964;1999;FA;Military Entrepreneur;Medium;MJAPMurata;x
55724;Minister of Armament;Yoshida Shigeru;1942;1964;1999;FA;Military Entrepreneur;Medium;MJAPYoshida;x # SAME NAME DIFFERENT PERSON
55725;Minister of Security;Abe Genki;1936;1964;1999;FA;Prince of Terror;Medium;M5114;x
55726;Minister of Security;Kido Koichi;1936;1964;1999;FA;Crime Fighter;Medium;M5108;x
55727;Minister of Security;Yuzawa Michio;1940;1964;1999;FA;Silent Lawyer;Medium;M5113;x
55728;Minister of Security;Tanabe Harumichi;1943;1964;1999;FA;Man of the People;Medium;M5112;x
55729;Head of Military Intelligence;Hayashi Senjuro;1936;1964;1999;FA;Logistics Specialist;High;MJAPHayashi2;x
55730;Head of Military Intelligence;Yamazaki Iwao;1936;1964;1999;FA;Political Specialist;High;M5103;x
55731;Chief of Staff;Tojo Hideki;1941;1964;1999;FA;School of Psychology;Medium;M5042;x
55732;Chief of Army;Tojo Hideki;1941;1964;1999;FA;Elastic Defence Doctrine;Medium;M5042;x
55733;Head of Government;Nakajima Chikuhei;1936;1964;1999;PA;Smiling Oilman;High;M5093;x #Authoritarian Democrat - Prominent pro-military politicians, socialists are exempted - Cabinet
55734;Foreign Minister;Nagai Ryutaro;1936;1964;1999;PA;Iron Fisted Brute;High;MJAPNagai;x
55735;Foreign Minister;Arita Hachiro;1938;1964;1999;PA;Ideological Crusader;Medium;M5057;x
55736;Foreign Minister;Horikiri Zenbee;1940;1964;1999;PA;Ideological Crusader;Medium;MJAPHorikiri;x
55737;Minister of Armament;Maeda Yonezo;1936;1964;1999;PA;Resource Industrialist;High;MJAPMaeda;x #'Proper' picture of this man is needed
55738;Minister of Armament;Nakajima Chikuhei;1936;1964;1999;PA;Strategic Air Proponent;High;M5093;x
55739;Minister of Armament;Uchida Nobuya;1936;1964;1999;PA;Battle Fleet Proponent;High;MJAPUchida;x
55740;Minister of Armament;Tawara Magoichi;1936;1964;1999;PA;Resource Industrialist;High;MJAPTawara;x
55741;Minister of Armament;Nagai Ryutaro;1938;1964;1999;PA;Resource Industrialist;High;MJAPNagai;x
55742;Minister of Armament;Horikiri Zenbee;1939;1964;1999;PA;Resource Industrialist;Medium;MJAPHorikiri;x
55743;Minister of Armament;Tsutsumi Yasujiro;1940;1964;1999;PA;Theoretical Scientist;High;MJAPTsutsumi;x
55744;Minister of Armament;Inoue Tadashiro;1945;1964;1999;PA;Theoretical Scientist;High;MJAPInotada;x
55745;Minister of Armament;Ogasawara Sankuro;1946;1964;1999;PA;laissez-faire capitalist;Medium;M5079;x
55746;Minister of Security;Kawarada Kakichi;1936;1964;1999;PA;Man of the People;High;M5099;x
55747;Minister of Security;Adachi Kenzo;1936;1964;1999;PA;Man of the People;High;MJAPAdachi;x
55748;Minister of Security;Kanemitsu Tsuneo;1936;1964;1999;PA;Compassionate Gentleman;High;MJAPKanemitsu;x
55749;Minister of Security;Yamazaki Tatsunosuke;1938;1964;1999;PA;Compassionate Gentleman;High;MJAPYamazaki;x
55750;Minister of Security;Oasa Tadao;1940;1964;1999;PA;Crime Fighter;High;MJAPOoasa;x
55751;Minister of Security;Horikiri Zenjiro;1945;1964;1999;PA;Crime Fighter;Medium;M5102;x
55752;Head of Military Intelligence;Kawashima Shojiro;1936;1964;1999;PA;Political Specialist;High;MJAPKawashima;x
55753;Head of Military Intelligence;Noda Takeo;1940;1964;1999;PA;Industrial Specialist;High;MJAPNodake;x
55754;Head of Military Intelligence;Inoue Tadashiro;1942;1964;1999;PA;Technical Specialist;High;MJAPInotada;x
55756;Head of Military Intelligence;Horikiri Zenjiro;1945;1964;1999;PA;Logistics Specialist;Medium;M5102;x
55757;Head of Government;Suzuki Kisaburo;1936;1964;1999;SC;Happy Amateur;High;MJAPSuzuki2;x #Social Conservative - Seiyukai and some businessman - Cabinet
55758;Foreign Minister;Suzuki Kisaburo;1936;1964;1999;SC;The Cloak N Dagger Schemer;Medium;MJAPSuzuki2;x
55759;Foreign Minister;Yoshida Shigeru;1936;1964;1999;SC;Ideological Crusader;Medium;M5031;x
55760;Foreign Minister;Uehara Etsujiro;1940;1964;1999;SC;Biased Intellectual;High;MJAPUehara;x
55761;Foreign Minister;Ashida Hitoshi;1942;1964;1999;SC;Ideological Crusader;High;M5046;x
55762;Foreign Minister;Inukai Takeru;1944;1964;1999;SC;Apologetic Clerk;High;MJAPInukai;x
55763;Minister of Armament;Matsuno Tsuruhei;1936;1964;1999;SC;Resource Industrialist;High;MJAPMatsuno;x
55764;Minister of Armament;Yuki Toyotaro;1938;1964;1999;SC;laissez-faire capitalist;High;MJAPYuki;x
55765;Minister of Armament;Ikeda Shigeaki;1940;1964;1999;SC;Resource Industrialist;High;M5081;x
55766;Minister of Armament;Hoshijima Jiro;1944;1964;1999;SC;Administrative Genius;Very High;M5071;x
55767;Minister of Armament;Tsushima Juichi;1945;1964;1999;SC;Resource Industrialist;High;M58030;x
55768;Minister of Armament;Fujiyama Aiichiro;1948;1964;1999;SC;Resource Industrialist;Medium;M5217;x
55769;Minister of Security;Kawamura Takeji;1936;1964;1999;SC;Silent Lawyer;Low;Kawamura;x
55770;Minister of Security;Hatoyama Ichiro;1936;1964;1999;SC;Back Stabber;High;MJAPHatoyama2;x
55771;Minister of Security;Ando Masazumi;1938;1964;1999;SC;Crime Fighter;High;MJAPAndo;x
55772;Minister of Security;Hayashi Joji;1942;1964;1999;SC;Silent Lawyer;Very High;MJAPHayashi;x
55773;Minister of Security;Hirokawa Kouzen;1945;1964;1999;SC;Man of the People;Very High;MJAPHirokawa;x
55774;Head of Military Intelligence;Hatoyama Ichiro;1936;1964;1999;SC;Dismal Enigma;High;MJAPHatoyama2;x
55775;Head of Military Intelligence;Uehara Etsujiro;1940;1964;1999;SC;Industrial Specialist;High;MJAPUehara;x
55776;Head of Military Intelligence;Kono Ichiro;1944;1964;1999;SC;Dismal Enigma;High;MJAPKono;x
55777;Head of Military Intelligence;Ogata Taketora;1945;1964;1999;SC;Political Specialist;High;MJAPOgata;x
55778;Head of State;H.I.M. Hirohito;1936;1964;1999;SD;hirohito;High;M5001;x #HoS and HoG replacements
55779;Head of State;Kawakami Hajime;1936;1964;1999;LE;Popular Figurehead;High;MJAPKawakami;x
55780;Head of State;Hasegawa Nyozekan;1936;1964;1999;LE;Barking Buffoon;High;MJAPHasegawa;x
55781;Head of Government;Kojima Kazuo;1936;1964;1999;SC;Flamboyant Tough Guy;High;MJAPKojima;x
55782;Head of Government;Mitsuchi Chuzo;1937;1964;1999;SC;Silent Workhorse;High;MJAPMitsuchi;x
55783;Head of Government;Hatoyama Ichiro;1944;1964;1999;SC;Backroom Backstabber;High;MJAPHatoyama2;x
55784;Head of Government;Kono Ichiro;1956;1964;1999;SC;Corporate Suit;High;MJAPKono;x
55785;Head of Government;Inoue Junnosuke;1936;1964;1999;ML;Naive Optimist;High;MJAPInoue;x
55786;Head of Government;Machida Chuji;1940;1964;1999;ML;Silent Workhorse;High;M5004;x
55787;Head of Government;Ugaki Kazushige;1941;1964;1999;ML;Old General;High;MJAPUgaki2;x
55788;Head of Government;Shidehara Kijuro;1944;1964;1999;ML;Corporate Suit;High;MJAPShidehara2;x
55789;Head of Government;Miki Bukichi;1948;1964;1999;ML;Backroom Backstabber;High;MJAPMiki;x
55790;Head of Government;Katayama Tetsu;1940;1964;1999;SD;Happy Amateur;High;MJAPKatayama2;x
55791;Head of Government;Mizutani Chozaburo;1948;1964;1999;SD;Naive Optimist;High;M5070;x
55792;Head of Government;Suzuki Mosaburo;1936;1964;1999;LWR;Ambitious Union Boss;High;MJAPSuzumo;x
55793;Head of Government;Miyamoto Kenji;1945;1964;1999;LWR;Silent Workhorse;High;M5012;x
55794;Head of Government;Oyama Ikuo;1936;1964;1999;LE;Ambitious Union Boss;High;MJAPOyama;x
55795;Head of Government;Nishio Suehiro;1945;1964;1999;LE;Backroom Backstabber;High;M5214;x
55796;Head of Government;Asanuma Inejiro;1936;1964;1999;ST;Backroom Backstabber;High;MJAPAsanuma;x
55797;Head of Government;Watanabe Masanosuke;1945;1964;1999;ST;Flamboyant Tough Guy;High;MJAPWatanabe;x
55798;Head of Government;Nakano Seigo;1936;1964;1999;NS;Flamboyant Tough Guy;Medium;Nakano;x
55799;Head of Government;Arima Yoriyasu;1942;1964;1999;NS;Backroom Backstabber;Medium;MJAPArima;x
55800;Head of Government;Kishi Nobusuke;1948;1964;1999;NS;Corporate Suit;Medium;MJAPKishi2;x
55801;Head of Government;Kuhara Fusanosuke;1936;1964;1999;FA;Corporate Suit;Medium;MJAPKuhara;x
55802;Head of Government;Higashikuni Naruhiko;1942;1964;1999;FA;Old General;High;M5038;x
55803;Head of Government;Shiono Suehiko;1947;1964;1999;FA;Backroom Backstabber;High;MJAPShiono;x
55804;Head of Government;Maeda Yonezo;1936;1964;1999;PA;Corporate Suit;Medium;MJAPMaeda;x
55805;Head of Government;Adachi Kenzo;1936;1964;1999;PA;Flamboyant Tough Guy;High;MJAPAdachi;x
55806;Head of Government;Nagai Ryutaro;1936;1964;1999;PA;Backroom Backstabber;High;MJAPNagai;x
55807;Head of Government;Kanemitsu Tsuneo;1936;1964;1999;PA;Happy Amateur;High;MJAPKanemitsu;x
55808;Head of Government;Okada Keisuke;1936;1964;1999;PA;Happy Amateur;High;M5002;x #Military HoG
55809;Head of Government;Hayashi Senjuro;1936;1964;1999;FA;Happy Amateur;High;MJAPHayashi2;x
55810;Head of Government;Abe Nobuyuki;1938;1964;1999;PA;Naive Optimist;High;M5035;x
55811;Head of Government;Yonai Mitsumasa;1940;1964;1999;ML;Old Admiral;High;M5036;x
55812;Head of Government;Tojo Hideki;1941;1964;1999;FA;Old General;High;M5042;x
55813;Head of Government;Terauchi Hisaichi;1946;1964;1999;FA;Old General;High;M5039;x
55814;Head of Government;Koiso Kuniaki;1944;1964;1999;FA;Corporate Suit;High;M5043;x
55815;Head of Government;Hirota Koki;1936;1964;1999;ML;Happy Amateur;High;M5003;x #Vanilla leftover
55816;Head of Government;Yoshida Shigeru;1946;1964;1999;SC;Backroom Backstabber;High;M5031;x
55817;Foreign Minister;Sato Naotake;1937;1964;1999;ML;The Cloak N Dagger Schemer;Medium;M5053;x
55818;Foreign Minister;Okada Keisuke;1938;1964;1999;PA;Iron Fisted Brute;High;M5002;x
55819;Foreign Minister;Konoe Fumimaro;1938;1964;1999;NS;Apologetic Clerk;Medium;M5034;x
55820;Foreign Minister;Abe Nobuyuki;1939;1964;1999;PA;Iron Fisted Brute;Medium;M5035;x
55821;Foreign Minister;Shigemitsu Mamoru;1941;1964;1999;SC;Great Compromiser;Medium;M5050;x
55822;Foreign Minister;Togo Shigenori;1941;1964;1999;SC;Biased Intellectual;Medium;M5065;x
55823;Foreign Minister;Toyoda Teijiro;1941;1964;1999;PA;Iron Fisted Brute;Medium;M5061;x
55824;Foreign Minister;Tani Masayuki;1942;1964;1999;SC;Apologetic Clerk;Medium;M5066;x
55825;Minister of Armament;Hatta Yoshiaki;1938;1964;1999;PA;Resource Industrialist;Medium;M5082;x
55826;Minister of Armament;Fujiwara Ginjiro;1941;1964;1999;PA;Administrative Genius;Medium;M5084;x
55827;Minister of Armament;Toyoda Teijiro;1943;1964;1999;PA;Military Entrepreneur;Medium;M5061;x
55828;Minister of Armament;Sakonji Seizo;1944;1964;1999;PA;Battle Fleet Proponent;Medium;M5087;x
55829;Minister of Armament;Terauchi Hisaichi;1946;1964;1999;FA;Tank Proponent;High;M5039;x
55830;Minister of Armament;Yonai Mitsumasa;1940;1964;1999;ML;Battle Fleet Proponent;High;M5036;x
55831;Minister of Armament;Kobayashi Ichizo;1941;1964;1999;PA;Resource Industrialist;High;M5083;x
55832;Minister of Armament;Tojo Hideki;1942;1964;1999;FA;Infantry Proponent;Medium;M5042;x
55833;Minister of Armament;Kato Sotomatsu;1943;1964;1999;FA;Tank Proponent;Medium;M5094;x
55834;Minister of Security;Ohara Naoshi;1939;1964;1999;PA;Silent Lawyer;Medium;M5100;x
55835;Minister of Security;Omura Seiichi;1945;1964;1999;SC;Silent Lawyer;Very High;M5101;x
55836;Minister of Security;Ushio Shigenosuke;1936;1964;1999;PA;Crime Fighter;Very High;M5105;x
55837;Minister of Security;Kodama Hideo;1941;1964;1999;PA;Silent Lawyer;Low;M5109;x
55838;Minister of Security;Fujie Keisuke;1936;1964;1999;FA;Prince of Terror;Medium;M5115;x
55839;Minister of Security;Nakajima Kesago;1937;1964;1999;FA;Man of the People;Medium;M5116;x
55841;Minister of Security;Hirabayashi Morito;1939;1964;1999;FA;Prince of Terror;Medium;M5118;x
55842;Minister of Security;Teshima Fusataro;1940;1964;1999;FA;Crime Fighter;Medium;M5120;x
55843;Minister of Security;Nakamura Aketo;1941;1964;1999;FA;Crime Fighter;Medium;M5122;x
55844;Minister of Security;Tojo Hideki;1942;1964;1999;FA;Prince of Terror;Medium;M5042;x
55845;Minister of Security;Kato Hakujiro;1943;1964;1999;FA;Man of the People;Medium;M5124;x
55846;Minister of Security;Odachi Shigeo;1944;1964;1999;SC;Man of the People;Medium;M5125;x
55847;Minister of Security;Iimura Jo;1945;1964;1999;FA;Crime Fighter;Medium;M5126;x
55848;Head of Military Intelligence;Katayama Tetsu;1945;1964;1999;SD;Naval Intelligence Specialist;Medium;MJAPKatayama2;x
55849;Head of Military Intelligence;Ugaki Kazushige;1936;1964;1999;ML;Political Specialist;Medium;MJAPUgaki2;x
55850;Head of Military Intelligence;Takasu Shiro;1936;1964;1999;SC;Naval Intelligence Specialist;Medium;M5134;x
55851;Head of Military Intelligence;Nomura Naokuni;1937;1964;1999;PA;Naval Intelligence Specialist;Medium;M5135;x
55852;Head of Military Intelligence;Oka Takazumi;1938;1964;1999;PA;Logistics Specialist;Medium;M5137;x
55853;Head of Military Intelligence;Maeda Minoru;1940;1964;1999;PA;Technical Specialist;Medium;M5138;x
55854;Head of Military Intelligence;Suzuki Kantaro;1936;1964;1999;PA;Political Specialist;Medium;M5037;x
55855;Head of Military Intelligence;Honma Masaharu;1937;1964;1999;FA;Dismal Enigma;Medium;M5141;x
55856;Head of Military Intelligence;Higuchi Kiichiro;1938;1964;1999;FA;Logistics Specialist;Medium;M5142;x
55857;Head of Military Intelligence;Araki Sadao;1939;1964;1999;FA;Political Specialist;Medium;M5143;x
55858;Head of Military Intelligence;Tsuchihashi Yuitsu;1940;1964;1999;FA;Technical Specialist;Medium;M5144;x
55859;Head of Military Intelligence;Koiso Kuniaki;1943;1964;1999;FA;Industrial Specialist;Medium;M5043;x
55860;Chief of Staff;Kanichiro Tashiro;1941;1964;1999;SC;School of Psychology;Very Low;MJAPKanichiro2;x
55861;Chief of Staff;Tanigawa Kazuo;1945;1964;1999;SC;School of Mass Combat;Very Low;MJAPTanigawa2;x
55862;Chief of Staff;Abe Nobuyuki;1941;1964;1999;PA;School of Fire Support;Medium;M5035;x
55863;Chief of Staff;Sugiyama Hajime;1936;1964;1999;FA;School of Defence;Medium;M5155;x
55864;Chief of Staff;Umezu Yoshijiro;1936;1964;1999;SL;School of Fire Support;Medium;M5157;x
55865;Chief of Army;Imai Takeo;1955;1964;1999;ML;Elastic Defence Doctrine;Medium;M5018;x
55866;Chief of Army;Tsuchihashi Yuitsu;1945;1964;1999;FA;Decisive Battle Doctrine;Medium;M5144;x
55867;Chief of Army;Fujioka Takeo;1941;1964;1999;PA;Elastic Defence Doctrine;Very Low;M5163;x
55868;Chief of Army;Aotsu Kikutaro;1945;1964;1999;PA;Guns and Butter Doctrine;Very Low;M5164;x
55869;Chief of Army;Sugiyama Hajime;1936;1964;1999;FA;Decisive Battle Doctrine;Medium;M5155;x
55870;Chief of Army;Umezu Yoshijiro;1936;1964;1999;SL;Guns and Butter Doctrine;Medium;M5157;x
55871;Chief of Navy;Osumi Mineo;1936;1964;1999;FA;Decisive Naval Battle Doctrine;Very High;M5009;x
55872;Chief of Navy;Shimada Shigetaro;1936;1964;1999;FA;Indirect Approach Doctrine;Medium;M5170;x
55873;Chief of Navy;Toyoda Soemu;1944;1964;1999;PA;Decisive Naval Battle Doctrine;Medium;M5171;x
55874;Chief of Navy;Fujita Hisanori;1936;1964;1999;PA;Decisive Naval Battle Doctrine;Medium;M5172;x
55875;Chief of Navy;Nagano Osami;1936;1964;1999;PA;Power Projection Doctrine;Medium;M5173;x
55876;Chief of Navy;Oikawa Koshiro;1944;1964;1999;PA;Base Control Doctrine;Medium;M5175;x
55877;Chief of Navy;Yamamoto Isoroku;1938;1964;1999;ML;Power Projection Doctrine;Very High;M5010;x
55878;Chief of Navy;Koga Mineichi;1943;1964;1999;SC;Open Seas Doctrine;Very High;L101243;x
55879;Chief of Navy;Ozawa Jisaburo;1944;1964;1999;SC;Power Projection Doctrine;High;L101273;x
55880;Chief of Air Force;Inoue Shigeyoshi;1936;1964;1999;SL;Naval Aviation Doctrine;Medium;M5180;x
55881;Chief of Air Force;Tsukahara Nishizou;1941;1964;1999;SC;Air Superiority Doctrine;Medium;M5181;x
55882;Chief of Air Force;Oikawa Koshiro;1936;1964;1999;PA;Naval Aviation Doctrine;Medium;M5175;x
55883;Chief of Air Force;Higashikuni Naruhiko;1937;1964;1999;FA;Carpet Bombing Doctrine;Medium;M5038;x
55884;Chief of Air Force;Toyoda Teijiro;1938;1964;1999;PA;Naval Aviation Doctrine;Medium;M5061;x
55885;Chief of Air Force;Wada Misao;1945;1964;1999;PA;Vertical Envelopment Doctrine;Medium;M5182;x
55886;Chief of Air Force;Hata Shunroku;1936;1964;1999;PA;Army Aviation Doctrine;Medium;M5189;x
55887;Chief of Air Force;Tojo Hideki;1938;1964;1999;FA;Army Aviation Doctrine;Medium;M5042;x
55888;Chief of Air Force;Anami Korechika;1942;1964;1999;FA;Vertical Envelopment Doctrine;Medium;M5194;x
55889;Chief of Air Force;Ushiroku Jun;1943;1964;1999;FA;Army Aviation Doctrine;Medium;MJAPUshiroku2;x
55890;Chief of Air Force;Sugawara Michio;1944;1964;1999;PA;Air Superiority Doctrine;Medium;M5196;x
55891;Chief of Air Force;Kawabe Masakazu;1945;1964;1999;PA;Army Aviation Doctrine;Medium;M5197;x
55892;Chief of Army;Araki Sadao;1936;1964;1999;FA;Decisive Battle Doctrine;Medium;M5143;x #KR 1.2 leftover
55893;Chief of Staff;Araki Sadao;1936;1964;1999;FA;School of Psychology;Medium;M5143;x
55894;Chief of Staff;Ugaki Kazushige;1936;1964;1999;ML;School of Fire Support;High;MJAPUgaki2;x
55895;Minister of Armament;Koiso Kuniaki;1936;1964;1999;FA;Air Superiority Proponent;High;M5043;x
55896;Chief of Air Force;Obata Hideyoshi;1936;1964;1999;NS;Air Superiority Doctrine;Medium;L101321;x
55897;Chief of Navy;Toyoda Teijiro;1936;1964;1999;PA;Base Control Doctrine;Medium;M5061;x
55898;Chief of Navy;Fushimi Hiroyasu;1936;1964;1999;FA;Power Projection Doctrine;Very High;Hiroyasu;x
55899;Chief of Army;Nagata Tetsuzan;1940;1964;1999;PA;Decisive Battle Doctrine;Medium;MJAPNagata;x
55900;Minister of Security;Minobe Tatsukichi;1936;1964;1999;SL;Silent Lawyer;Medium;MJAPTatsukichi;x
55901;Minister of Security;Abe Yoshishige;1936;1964;1999;SL;Silent Lawyer;High;MJAPYoshishige;x
55902;Minister of Security;Kanamori Tokujiro;1936;1964;1999;ML;Silent Lawyer;Medium;MJAPKanamori;x
55903;Minister of Armament;Matsumoto Joji;1936;1964;1999;SC;Resource Industrialist;Medium;MJAPJoji;x
55904;Head of Military Intelligence;Sasaki Soichi;1936;1964;1999;SL;Technical Specialist;Medium;MJAPSasaki;x
55905;Chief of Staff;Hata Shunroku;1937;1964;1999;PA;School of Fire Support;Medium;M5189;x #Military chiefs, includes admirals of IRL purged treaty faction
55906;Chief of Army;Hata Shunroku;1937;1964;1999;PA;Guns and Butter Doctrine;Medium;M5189;x
55907;Chief of Staff;Nagata Tetsuzan;1940;1964;1999;PA;School of Mass Combat;Medium;MJAPNagata;x
55908;Chief of Army;Ugaki Kazushige;1936;1964;1999;ML;Decisive Battle Doctrine;High;MJAPUgaki2;x
55909;Chief of Staff;Yamashita Tomoyuki;1944;1964;1999;NS;School of Manoeuvre;Medium;M5192;x
55910;Chief of Army;Yamashita Tomoyuki;1944;1964;1999;NS;Armoured Spearhead Doctrine;Medium;M5192;x
55911;Chief of Staff;Kawabe Masakazu;1945;1964;1999;PA;School of Defence;Medium;M5197;x
55912;Chief of Army;Kawabe Masakazu;1945;1964;1999;PA;Elastic Defence Doctrine;Medium;M5197;x
55913;Chief of Navy;Yonai Mitsumasa;1936;1964;1999;ML;Open Seas Doctrine;High;M5036;x
55914;Chief of Navy;Kobayashi Seizo;1936;1964;1999;SC;Decisive Naval Battle Doctrine;High;M5111;x
55915;Chief of Navy;Takahashi Sankichi;1936;1964;1999;FA;Power Projection Doctrine;High;L101284;x
55916;Chief of Navy;Inoue Shigeyoshi;1936;1964;1999;SL;Power Projection Doctrine;Medium;M5180;x
55917;Chief of Navy;Hyakutake Gengo;1940;1964;1999;SC;Open Seas Doctrine;Medium;L101233;x
55918;Chief of Navy;Yamanashi Katsunoshin;1936;1964;1999;SC;Open Seas Doctrine;Medium;MJAPYamanashi;x
55919;Chief of Navy;Nomura Kichisaburo;1939;1964;1999;SC;Decisive Naval Battle Doctrine;Medium;L101265;x
55920;Head of Military Intelligence;Arisue Seizo;1945;1964;1999;SC;Political Specialist;Medium;MJAPArisue;x #Military chiefs, Post-1945
55921;Head of Military Intelligence;Hoshina Zenshiro;1945;1964;1999;SC;Industrial Specialist;Medium;MJAPHoshina;x
55922;Head of Military Intelligence;Ishiwara Kanji;1945;1964;1999;PA;Dismal Enigma;Medium;L101064;x
55923;Head of Military Intelligence;Tsuji Masanobu;1945;1964;1999;NS;Dismal Enigma;Medium;L101189;x
55924;Head of Military Intelligence;Sugita Ichiji;1952;1964;1999;SC;Political Specialist;Medium;MJAPSugita;x
55925;Head of Military Intelligence;Hori Eizo;1958;1964;1999;SC;Logistics Specialist;Medium;MJAPHori;x
55926;Chief of Staff;Anami Korechika;1945;1964;1999;FA;School of Psychology;Medium;L101007;x
55927;Chief of Army;Anami Korechika;1945;1964;1999;FA;Static Defence Doctrine;Medium;L101007;x
55928;Chief of Staff;Hitoshi Imamura;1945;1964;1999;SC;School of Defence;Medium;L101059;x
55929;Chief of Army;Hitoshi Imamura;1945;1964;1999;SC;Guns and Butter Doctrine;Medium;L101059;x
55930;Chief of Staff;Shimomura Sadamu;1947;1964;1999;SC;School of Defence;Medium;L101160;x
55931;Chief of Army;Shimomura Sadamu;1947;1964;1999;SC;Static Defence Doctrine;Medium;L101160;x
55932;Chief of Staff;Kawabe Torashiro;1949;1964;1999;SC;School of Fire Support;Medium;L101314;x
55933;Chief of Army;Kawabe Torashiro;1949;1964;1999;SC;Static Defence Doctrine;Medium;L101314;x
55934;Chief of Staff;Muto Akira;1950;1964;1999;FA;School of Defence;Medium;L101123;x
55935;Chief of Army;Muto Akira;1950;1964;1999;FA;Decisive Battle Doctrine;Medium;L101123;x
55936;Chief of Staff;Kuribayashi Tadamichi;1951;1964;1999;SC;School of Psychology;Medium;L101108;x
55937;Chief of Army;Kuribayashi Tadamichi;1951;1964;1999;SC;Elastic Defence Doctrine;Medium;L101108;x
55940;Chief of Staff;Imai Takeo;1955;1964;1999;ML;School of Manoeuvre;Medium;M5018;x
55941;Chief of Staff;Hattori Takushiro;1958;1964;1999;FA;School of Defence;Medium;L101035;x
55942;Chief of Army;Hattori Takushiro;1958;1964;1999;FA;Decisive Battle Doctrine;Medium;L101035;x
55943;Chief of Staff;Yahara Hiromichi;1959;1964;1999;SC;School of Fire Support;Medium;L101199;x
55944;Chief of Army;Yahara Hiromichi;1959;1964;1999;SC;Elastic Defence Doctrine;Medium;L101199;x
55945;Chief of Staff;Sugiyama Shigeru;1962;1964;1999;SC;School of Manoeuvre;Medium;MJAPShigeru;x
55946;Chief of Army;Sugiyama Shigeru;1962;1964;1999;SC;Armoured Spearhead Doctrine;Medium;MJAPShigeru;x
55947;Chief of Air Force;Yasuda Takeo;1945;1964;1999;NS;Naval Aviation Doctrine;Medium;L101342;x
55948;Chief of Air Force;Takasu Shiro;1946;1964;1999;SC;Naval Aviation Doctrine;Medium;M5134;x
55949;Chief of Air Force;Teramoto Kumaichi;1948;1964;1999;SC;Army Aviation Doctrine;Medium;MJAPTeramoto;x
55950;Chief of Air Force;Tsukada Rikichi;1949;1964;1999;SC;Vertical Envelopment Doctrine;Medium;MJAPRikichi;x
55951;Chief of Air Force;Shimoyama Takuma;1951;1964;1999;SC;Air Superiority Doctrine;Medium;L101330;x
55952;Chief of Air Force;Kozono Yasuna;1953;1964;1999;FA;Air Superiority Doctrine;Medium;MJAPKozono;x
55953;Chief of Air Force;Tanigawa Kazuo;1955;1964;1999;SC;Army Aviation Doctrine;Medium;MJAPTanigawa2;x
55954;Chief of Air Force;Sanagi Sadamu;1958;1964;1999;SC;Naval Aviation Doctrine;Medium;MJAPSanagi;x
55955;Chief of Air Force;Genda Minoru;1960;1964;1999;SC;Air Superiority Doctrine;Medium;L101307;x
55956;Chief of Navy;Sawamoto Yorio;1945;1964;1999;SC;Base Control Doctrine;Medium;MJAPSawamoto;x
55957;Chief of Navy;Shimizu Mitsumi;1945;1964;1999;SC;Indirect Approach Doctrine;Medium;MJAPShimizu;x
55958;Chief of Navy;Fukudome Shigeru;1950;1964;1999;PA;Decisive Naval Battle Doctrine;Medium;L101223;x
55959;Chief of Navy;Yamaguchi Tamon;1951;1964;1999;SC;Power Projection Doctrine;Medium;L101295;x
55960;Chief of Navy;Tanaka Raizo;1952;1964;1999;SC;Indirect Approach Doctrine;Medium;L101287;x
55961;Chief of Navy;Matsuda Chiaki;1954;1964;1999;PA;Decisive Naval Battle Doctrine;Medium;MJAPMatsuda;x
55962;Chief of Navy;Tomioka Sadatoshi;1956;1964;1999;SC;Power Projection Doctrine;Medium;MJAPTomioka;x
55963;Chief of Navy;Yamamoto Chikao;1957;1964;1999;SC;Power Projection Doctrine;Medium;MJAPYamachi;x
55964;Chief of Navy;Yokoyama Ichiro;1958;1964;1999;SC;Base Control Doctrine;Medium;L101211;x
55965;Chief of Navy;Kami Shigenori;1960;1964;1999;NS;Decisive Naval Battle Doctrine;Medium;MJAPKami;x
55966;Head of State;Takamatsu Nobuhito;1936;1964;1999;LE;Weary Stiffneck;High;MJAPTakamatsu;x #'Regents'
55967;Head of State;Chichibu Yasuhito;1936;1964;1999;NS;Sessho;High;MJAPChichibu;x
5001;Head of Government;Kawakami Jotaro;1956;1964;1999;SD;Flamboyant Tough Guy;High;MJAPJotaro;x #Socialist, Post-1944
5002;Foreign Minister;Royama Masamichi;1948;1964;1999;SD;Great Compromiser;High;MJAPRoyama;x
5003;Foreign Minister;Kawakami Jotaro;1952;1964;1999;SD;Biased Intellectual;High;MJAPJotaro;x
5004;Foreign Minister;Katsumata Seiichi;1956;1964;1999;SD;Ideological Crusader;High;MJAPKatsumata;x
5005;Minister of Armament;Ninagawa Torazo;1944;1964;1999;SD;Administrative Genius;High;MJAPNinagawa;x
5006;Minister of Armament;Sasaki Kouzou;1944;1964;1999;LWR;Resource Industrialist;High;MJAPKouzou;x
5007;Minister of Armament;Katsumata Seiichi;1952;1964;1999;SD;laissez-faire capitalist;High;MJAPKatsumata;x
5008;Minister of Armament;Yokoyama Toshiaki;1954;1964;1999;LWR;Resource Industrialist;High;MJAPYokoyama;x
5009;Minister of Armament;Eda Saburo;1956;1964;1999;SD;Theoretical Scientist;High;MJAPEda;x
5010;Minister of Security;Takayama Yoshizo;1944;1964;1999;SD;Back Stabber;High;MJAPTakayama;x
5011;Minister of Security;Kikuchi Yonosuke;1948;1964;1999;SD;Silent Lawyer;High;MJAPKikuchi;x
5012;Minister of Security;Sakisaka Itsuro;1952;1964;1999;LWR;Man of the People;High;MJAPSakisaka;x
5013;Minister of Security;Eda Saburo;1956;1964;1999;SD;Crime Fighter;High;MJAPEda;x
5014;Head of Military Intelligence;Nishimura Eiichi;1944;1964;1999;SD;Political Specialist;High;MJAPNishimura;x
5015;Head of Military Intelligence;Narita Tomomi;1952;1964;1999;SD;Technical Specialist;High;MJAPNarita;x
5016;Head of Military Intelligence;Iwai Akira;1954;1964;1999;LWR;Industrial Specialist;High;MJAPIwai;x
5017;Head of Military Intelligence;Morito Tatsuo;1955;1964;1999;SD;Technical Specialist;High;MJAPMorito;x
5018;Head of Government;Matsumura Kenzo;1954;1964;1999;ML;Silent Workhorse;High;MJAPMatsumura;x #Market Liberal, Post-1948
5019;Foreign Minister;Okazaki Katsuo;1948;1964;1999;ML;Biased Intellectual;High;MJAPOkazaki;x
5020;Foreign Minister;Kawai Tatsuo;1952;1964;1999;ML;The Cloak N Dagger Schemer;High;MJAPKawai;x
5021;Foreign Minister;Utsunomiya Tokuma;1956;1964;1999;ML;Great Compromiser;High;MJAPUtsunomiya;x
5022;Foreign Minister;Miki Takeo;1958;1964;1999;ML;Ideological Crusader;Medium;MJAPTakeo;x
5023;Foreign Minister;Matsuura Shutaro;1960;1964;1999;ML;Great Compromiser;High;MJAPMatsuura;x
5024;Minister of Armament;Nakamura Sannojo;1948;1964;1999;ML;Resource Industrialist;High;MJAPNakasan;x
5025;Minister of Armament;Shibusawa Keizo;1950;1964;1999;ML;laissez-faire capitalist;High;MJAPShibusawa;x
5026;Minister of Armament;Usami Makoto;1952;1964;1999;ML;Theoretical Scientist;Medium;M5227;x
5027;Minister of Armament;Kitamura Tokutaro;1953;1964;1999;ML;Resource Industrialist;High;MJAPKitamura;x
5028;Minister of Armament;Nakamura Umekichi;1956;1964;1999;ML;Military Entrepreneur;High;M5222;x
5029;Minister of Armament;Fukuda Takeo;1958;1964;1999;ML;Resource Industrialist;High;MJAPFukuda;x
5030;Minister of Armament;Matsuura Shutaro;1960;1964;1999;ML;Resource Industrialist;High;MJAPMatsuura;x
5031;Minister of Armament;Tanaka Kakuei;1962;1964;1999;ML;Corrupt Kleptocrat;High;M5225;x
5032;Minister of Security;Narahashi Wataru;1948;1964;1999;ML;Back Stabber;Medium;MJAPNarahashi;x
5033;Minister of Security;Iwata Chuzo;1948;1964;1999;ML;Crime Fighter;Medium;MJAPIwata;x
5034;Minister of Security;Kiyose Ichiro;1950;1964;1999;ML;Silent Lawyer;Medium;MJAPKiyose;x
5035;Minister of Security;Nakamura Umekichi;1954;1964;1999;ML;Silent Lawyer;Medium;M5231;x
5036;Minister of Security;Miki Takeo;1956;1964;1999;ML;Compassionate Gentleman;Medium;MJAPTakeo;x
5037;Minister of Security;Matsuda Takechiyo;1959;1964;1999;ML;Man of the People;High;MJAPMatsutake;x
5038;Head of Military Intelligence;Maeda Tamon;1948;1964;1999;ML;Political Specialist;Medium;MJAPTamon;x
5039;Head of Military Intelligence;Nakamura Umekichi;1952;1964;1999;ML;Political Specialist;Medium;M5231;x
5040;Head of Military Intelligence;Ikeda Masanosuke;1956;1964;1999;ML;Technical Specialist;High;MJAPIkeda;x
5041;Head of Military Intelligence;Fukuda Takeo;1958;1964;1999;ML;Industrial Specialist;Medium;MJAPFukuda;x
5042;Head of Government;Hirokawa Kouzen;1952;1964;1999;SC;Naive Optimist;High;MJAPHirokawa;x #Social Conservative, Post-1948
5043;Foreign Minister;Nomura Kichisaburo;1948;1964;1999;SC;General Staffer;Medium;M5059;x
5044;Foreign Minister;Kanichiro Kubota;1950;1964;1999;SC;Iron Fisted Brute;Medium;M5215;x
5045;Foreign Minister;Iguchi Hideo;1953;1964;1999;SC;Iron Fisted Brute;Medium;MJAPIguchi;x
5046;Foreign Minister;Kosaka Zentaro;1956;1964;1999;SC;Biased Intellectual;Medium;M5218;x
5047;Foreign Minister;Ohira Masayoshi;1960;1964;1999;SC;The Cloak N Dagger Schemer;Medium;M5219;x
5048;Minister of Armament;Mukai Tadaharu;1948;1964;1999;SC;laissez-faire capitalist;High;M5221;x
5049;Minister of Armament;Kono Ichiro;1950;1964;1999;SC;Resource Industrialist;High;MJAPKono;x
5050;Minister of Armament;Oya Shinzo;1953;1964;1999;SC;Resource Industrialist;High;MJAPOya;x
5051;Minister of Armament;Ikeda Hayato;1956;1964;1999;SC;laissez-faire capitalist;High;M5213;x
5052;Minister of Armament;Mizuta Mikio;1958;1964;1999;SC;Administrative Genius;High;M5224;x
5053;Minister of Armament;Ichimada Hisato;1959;1964;1999;SC;Resource Industrialist;High;M5222;x
5054;Minister of Armament;Ueki Koshiro;1960;1964;1999;SC;laissez-faire capitalist;Medium;M5232;x
5055;Minister of Security;Yamazaki Takeshi;1948;1964;1999;SC;Back Stabber;High;MJAPYamatake;x
5056;Minister of Security;Ogata Taketora;1951;1964;1999;SC;Crime Fighter;High;MJAPOgata;x
5057;Minister of Security;Ono Banboku;1952;1964;1999;SC;Man of the People;High;MJAPOno;x
5058;Minister of Security;Hanamura Shiro;1954;1964;1999;SC;Prince of Terror;Medium;M5233;x
5059;Minister of Security;Saito Noboru;1958;1964;1999;SC;Crime Fighter;High;MJAPNoboru;x
5060;Minister of Security;Ueki Koshiro;1960;1964;1999;SC;Silent Lawyer;Medium;M5232;x
5061;Head of Military Intelligence;Shirasu Jiro;1948;1964;1999;SC;Political Specialist;High;MJAPShirasu;x
5062;Head of Military Intelligence;Kosaka Zentaro;1952;1964;1999;SC;Industrial Specialist;High;M5218;x
5063;Head of Military Intelligence;Ohira Masayoshi;1955;1964;1999;SC;Political Specialist;Medium;M5219;x
5064;Head of Military Intelligence;Nakasone Yasuhiro;1958;1964;1999;SC;Technical Specialist;Medium;MJAPNakasone;x
5065;Head of Government;Oasa Tadao;1948;1964;1999;PA;Corporate Suit;High;MJAPOoasa;x #Authoritarian Democrat, Post-1948
5066;Head of Government;Ishii Mitsujiro;1954;1964;1999;PA;Silent Workhorse;High;MJAPMitsujiro;x
5067;Foreign Minister;Matsumoto Shunichi;1952;1964;1999;PA;The Cloak N Dagger Schemer;Medium;MJAPShunichi;x
5068;Foreign Minister;Fujiyama Aiichiro;1957;1964;1999;PA;Apologetic Clerk;Medium;M5217;x
5069;Minister of Armament;Ishii Mitsujiro;1948;1964;1999;PA;laissez-faire capitalist;High;MJAPMitsujiro;x
5070;Minister of Armament;Kawashima Shojiro;1952;1964;1999;PA;Administrative Genius;High;MJAPKawashima;x
5071;Minister of Armament;Chiba Saburo;1954;1964;1999;PA;Resource Industrialist;High;MJAPChiba;x
5072;Minister of Armament;Fujiyama Aiichiro;1957;1964;1999;PA;Resource Industrialist;Medium;M5217;x
5073;Minister of Armament;Sato Eisaku;1958;1964;1999;PA;Administrative Genius;High;M5223;x
5074;Minister of Security;Matsuzaka Hiromasa;1948;1964;1999;PA;Efficient Sociopath;High;MJAPMatsuzaka;x
5075;Minister of Security;Kimura Tokutaro;1951;1964;1999;PA;Efficient Sociopath;Medium;M5229;x
5076;Minister of Security;Kato Ryogoro;1953;1964;1999;PA;Compassionate Gentleman;High;M5235;x
5077;Minister of Security;Koizumi Junya;1958;1964;1999;PA;Man of the People;High;MJAPKoizumi;x
5078;Head of Military Intelligence;Kimura Tokutaro;1948;1964;1999;PA;Political Specialist;Medium;M5229;x
5079;Head of Military Intelligence;Fujiyama Aiichiro;1952;1964;1999;PA;Industrial Specialist;Medium;M5217;x
5080;Head of Military Intelligence;Hamano Seigo;1957;1964;1999;PA;Technical Specialist;High;MJAPHamano;x
5081;Head of Military Intelligence;Morinaga Teiichiro;1958;1964;1999;PA;Industrial Specialist;Medium;M5234;x
5082;Head of Government;Sasakawa Ryoichi;1956;1964;1999;NS;Smiling Oilman;High;MJAPSasakawa;x #National Populist, Post-1948
5083;Foreign Minister;Oshima Hiroshi;1948;1964;1999;NS;General Staffer;Medium;MJAPOshima;x
5084;Foreign Minister;Shiina Etsusaburo;1956;1964;1999;NS;Great Compromiser;High;MJAPShiina;x
5085;Minister of Armament;Sasakawa Ryoichi;1948;1964;1999;NS;Air Superiority Proponent;High;MJAPSasakawa;x
5086;Minister of Armament;Kawanami Toyosaku;1952;1964;1999;NS;Military Entrepreneur;High;MJAPKawanami;x
5087;Minister of Armament;Yotsumoto Yoshitaka;1956;1964;1999;NS;Resource Industrialist;High;MJAPYotsumoto;x
5088;Minister of Security;Kodama Yoshio;1952;1964;1999;NS;Crooked Kleptocrat;High;MJAPKodama;x
5089;Minister of Security;Akao Bin;1956;1964;1999;NS;Compassionate Gentleman;High;MJAPAkao;x #Life
5090;Head of Military Intelligence;Kodama Yoshio;1952;1964;1999;NS;Industrial Specialist;High;MJAPKodama;x
5091;Head of Military Intelligence;Akao Bin;1956;1964;1999;NS;Dismal Enigma;High;MJAPAkao;x
5092;Head of State;H.I.M. Taisho;1920;1934;1935;SC;Barking Buffoon;High;kai_26tais;x
5093;Head of Government;Wakatsuki Reijiro;1920;1934;1935;SC;Smiling Oilman;High;kai_26Wakatsukireijiro;x
55968;Head of State;H.I.M. Yasuhito;1936;1964;1999;NS;Go-Meiji;High;MJAPChichibu;x
55969;Head of Government;Araki Sadao;1936;1964;1999;NS;Flamboyant Tough Guy;High;MJAPSadao;x
55970;Head of Government;Nagata Tetsuzan;1936;1964;1999;FA;Old General;High;MJAPNagata;x
55971;Head of State;H.I.M. Akihito;1953;1964;1999;PA;Popular Figurehead;High;MJAPAkihito;x
